{"licenses":[{"name":"","id":0,"url":""}],"info":{"contributor":"","date_created":"","description":"","url":"","version":"","year":""},"categories":[{"id":1,"name":"kiwi","supercategory":""}],"images":[{"id":1,"width":500,"height":332,"file_name":"kiwi_1.jpg","license":0,"flickr_url":"","coco_url":"","date_captured":0},{"id":2,"width":388,"height":333,"file_name":"kiwi_2.jpg","license":0,"flickr_url":"","coco_url":"","date_captured":0},{"id":3,"width":764,"height":572,"file_name":"kiwi_3.jpg","license":0,"flickr_url":"","coco_url":"","date_captured":0},{"id":4,"width":750,"height":750,"file_name":"kiwi_4.jpg","license":0,"flickr_url":"","coco_url":"","date_captured":0},{"id":5,"width":500,"height":500,"file_name":"kiwi_5.jpg","license":0,"flickr_url":"","coco_url":"","date_captured":0},{"id":6,"width":275,"height":183,"file_name":"kiwi_6.jpg","license":0,"flickr_url":"","coco_url":"","date_captured":0},{"id":7,"width":1200,"height":795,"file_name":"kiwi_7.jpg","license":0,"flickr_url":"","coco_url":"","date_captured":0}],"annotations":[{"id":1,"image_id":1,"category_id":1,"segmentation":[],"area":48129.9246,"bbox":[0.0,29.22,251.91,191.06],"iscrowd":0,"attributes":{"occluded":false,"rotation":0.0}},{"id":2,"image_id":1,"category_id":1,"segmentation":[],"area":20732.636599999994,"bbox":[102.27,199.74,192.79,107.54],"iscrowd":0,"attributes":{"occluded":false,"rotation":0.0}},{"id":3,"image_id":1,"category_id":1,"segmentation":[],"area":21531.396899999996,"bbox":[245.99,0.68,213.33,100.93],"iscrowd":0,"attributes":{"occluded":false,"rotation":0.0}},{"id":4,"image_id":1,"category_id":1,"segmentation":[],"area":37575.90900000001,"bbox":[265.83,57.76,205.67,182.7],"iscrowd":0,"attributes":{"occluded":false,"rotation":0.0}},{"id":5,"image_id":2,"category_id":1,"segmentation":[],"area":24342.298400000003,"bbox":[186.13,23.4,157.78,154.28],"iscrowd":0,"attributes":{"occluded":false,"rotation":0.0}},{"id":6,"image_id":2,"category_id":1,"segmentation":[],"area":31351.713299999996,"bbox":[8.81,8.74,163.01,192.33],"iscrowd":0,"attributes":{"occluded":false,"rotation":0.0}},{"id":7,"image_id":2,"category_id":1,"segmentation":[],"area":24764.143600000007,"bbox":[132.7,162.7,166.18,149.02],"iscrowd":0,"attributes":{"occluded":false,"rotation":0.0}},{"id":8,"image_id":3,"category_id":1,"segmentation":[],"area":142029.31,"bbox":[391.27,106.11,356.75,398.12],"iscrowd":0,"attributes":{"occluded":false,"rotation":0.0}},{"id":9,"image_id":3,"category_id":1,"segmentation":[],"area":124273.0198,"bbox":[32.72,91.12,368.14,337.57],"iscrowd":0,"attributes":{"occluded":false,"rotation":0.0}},{"id":10,"image_id":4,"category_id":1,"segmentation":[],"area":89385.21760000002,"bbox":[419.42,189.47,289.31,308.96],"iscrowd":0,"attributes":{"occluded":false,"rotation":0.0}},{"id":11,"image_id":4,"category_id":1,"segmentation":[],"area":114253.30290000001,"bbox":[166.27,309.75,367.93,310.53],"iscrowd":0,"attributes":{"occluded":false,"rotation":0.0}},{"id":12,"image_id":4,"category_id":1,"segmentation":[],"area":115945.99680000001,"bbox":[43.63,158.02,382.08,303.46],"iscrowd":0,"attributes":{"occluded":false,"rotation":0.0}},{"id":13,"image_id":5,"category_id":1,"segmentation":[],"area":54394.12440000001,"bbox":[238.73,84.38,218.03,249.48],"iscrowd":0,"attributes":{"occluded":false,"rotation":0.0}},{"id":14,"image_id":5,"category_id":1,"segmentation":[],"area":51943.925,"bbox":[165.36,189.73,233.75,222.22],"iscrowd":0,"attributes":{"occluded":false,"rotation":0.0}},{"id":15,"image_id":5,"category_id":1,"segmentation":[],"area":41354.1871,"bbox":[38.52,142.03,202.31,204.41],"iscrowd":0,"attributes":{"occluded":false,"rotation":0.0}},{"id":16,"image_id":6,"category_id":1,"segmentation":[],"area":3236.4599999999996,"bbox":[73.13,63.29,57.0,56.78],"iscrowd":0,"attributes":{"occluded":false,"rotation":0.0}},{"id":17,"image_id":6,"category_id":1,"segmentation":[],"area":3339.1512,"bbox":[114.76,69.82,55.44,60.23],"iscrowd":0,"attributes":{"occluded":false,"rotation":0.0}},{"id":18,"image_id":6,"category_id":1,"segmentation":[],"area":2793.8998000000006,"bbox":[110.54,10.0,45.26,61.73],"iscrowd":0,"attributes":{"occluded":false,"rotation":0.0}},{"id":19,"image_id":6,"category_id":1,"segmentation":[],"area":3025.2125000000005,"bbox":[57.79,9.01,52.75,57.35],"iscrowd":0,"attributes":{"occluded":false,"rotation":0.0}},{"id":20,"image_id":6,"category_id":1,"segmentation":[],"area":4462.229000000001,"bbox":[49.16,113.55,71.35,62.54],"iscrowd":0,"attributes":{"occluded":false,"rotation":0.0}},{"id":21,"image_id":6,"category_id":1,"segmentation":[],"area":3315.9072000000006,"bbox":[0.24,103.0,49.11,67.52],"iscrowd":0,"attributes":{"occluded":false,"rotation":0.0}},{"id":22,"image_id":6,"category_id":1,"segmentation":[],"area":3126.4782000000005,"bbox":[7.72,54.66,55.82,56.01],"iscrowd":0,"attributes":{"occluded":false,"rotation":0.0}},{"id":23,"image_id":6,"category_id":1,"segmentation":[],"area":2091.9388999999996,"bbox":[16.35,16.3,46.81,44.69],"iscrowd":0,"attributes":{"occluded":false,"rotation":0.0}},{"id":24,"image_id":6,"category_id":1,"segmentation":[],"area":1382.642,"bbox":[0.0,0.76,27.1,51.02],"iscrowd":0,"attributes":{"occluded":false,"rotation":0.0}},{"id":25,"image_id":6,"category_id":1,"segmentation":[],"area":1103.5600000000002,"bbox":[0.05,56.39,18.8,58.7],"iscrowd":0,"attributes":{"occluded":false,"rotation":0.0}},{"id":26,"image_id":6,"category_id":1,"segmentation":[],"area":1470.9771999999998,"bbox":[54.14,0.57,64.46,22.82],"iscrowd":0,"attributes":{"occluded":false,"rotation":0.0}},{"id":27,"image_id":7,"category_id":1,"segmentation":[],"area":199738.95,"bbox":[684.58,90.83,459.17,435.0],"iscrowd":0,"attributes":{"occluded":false,"rotation":0.0}},{"id":28,"image_id":7,"category_id":1,"segmentation":[],"area":165013.97780000002,"bbox":[432.92,337.5,401.66,410.83],"iscrowd":0,"attributes":{"occluded":false,"rotation":0.0}},{"id":29,"image_id":7,"category_id":1,"segmentation":[],"area":97799.34719999997,"bbox":[162.92,342.5,284.16,344.17],"iscrowd":0,"attributes":{"occluded":false,"rotation":0.0}},{"id":30,"image_id":7,"category_id":1,"segmentation":[],"area":194514.075,"bbox":[254.58,60.0,472.5,411.67],"iscrowd":0,"attributes":{"occluded":false,"rotation":0.0}}]}